-- BLOCKS
INSERT INTO BLOCK (ID, NAME, NO_OF_DAYS, START_DATE, END_DATE) VALUES (911,'JAN 2019', 22, {ts '2019-01-01'}, {ts '2019-01-22'});
INSERT INTO BLOCK (ID, NAME, NO_OF_DAYS, START_DATE, END_DATE) VALUES (912,'FEB 2019', 21, {ts '2019-02-01'}, {ts '2019-02-22'});
INSERT INTO BLOCK (ID, NAME, NO_OF_DAYS, START_DATE, END_DATE) VALUES (913,'MAR 2019', 22, {ts '2019-03-01'}, {ts '2019-03-22'});
INSERT INTO BLOCK (ID, NAME, NO_OF_DAYS, START_DATE, END_DATE) VALUES (914,'APR 2019', 22, {ts '2019-04-01'}, {ts '2019-04-22'});
INSERT INTO BLOCK (ID, NAME, NO_OF_DAYS, START_DATE, END_DATE) VALUES (915,'MAY 2019', 20, {ts '2019-05-01'}, {ts '2019-05-22'});
INSERT INTO BLOCK (ID, NAME, NO_OF_DAYS, START_DATE, END_DATE) VALUES (916,'JUN 2019', 22, {ts '2019-06-01'}, {ts '2019-06-22'});
INSERT INTO BLOCK (ID, NAME, NO_OF_DAYS, START_DATE, END_DATE) VALUES (917,'JUL 2019', 22, {ts '2019-07-01'}, {ts '2019-07-22'});
INSERT INTO BLOCK (ID, NAME, NO_OF_DAYS, START_DATE, END_DATE) VALUES (918,'AUG 2019', 22, {ts '2019-08-01'}, {ts '2019-08-22'});

-- SUBJECTS
INSERT INTO SUBJECT (ID, NAME, BLOCK_ID) VALUES (800,'WAP', 915);
INSERT INTO SUBJECT (ID, NAME, BLOCK_ID) VALUES (801,'WAA', 916);
INSERT INTO SUBJECT (ID, NAME, BLOCK_ID) VALUES (802,'EA', 916);
INSERT INTO SUBJECT (ID, NAME, BLOCK_ID) VALUES (803,'MWA', 916);

-- STUDENTS
INSERT INTO Student (ID, NAME,REGISTRATION_NUMBER, ENTRY_BLOCK_ID ) VALUES (1337, 'Umar', '987024', 912);
INSERT INTO Student (ID, NAME,REGISTRATION_NUMBER, ENTRY_BLOCK_ID ) VALUES (1338, 'Mingyu','987025', 915);

-- USER
INSERT INTO USER (ID, NAME,USERNAME, PASSWORD, STUDENT_ID) VALUES (101, 'Umar', 'user', '{bcrypt}$2a$10$FbFH4Ue/ParHKNjGwWxgl.BgO1wOy/ARxsL2GRZ27Xfd1w8AM0LFa', 1337); --Pass: 123456--Student
INSERT INTO USER (ID, NAME,USERNAME, PASSWORD) VALUES (102, 'Admin', 'admin', '{bcrypt}$2a$10$FbFH4Ue/ParHKNjGwWxgl.BgO1wOy/ARxsL2GRZ27Xfd1w8AM0LFa'); --Admin Pass: 123456

-- APP ROLES RELATIONS
INSERT INTO user_roles(user_id, roles) VALUES(101,'ROLE_USER'); --STANDARD USER
INSERT INTO user_roles(user_id, roles) VALUES(102,'ROLE_USER'); --ADMIN
INSERT INTO user_roles(user_id, roles) VALUES(102,'ROLE_ADMIN'); --ADMIN

-- MEDITATION
INSERT INTO MEDITATION (ID, DATE, LOCATION, TIME_SLOT, STUDENT_ID) VALUES (1, {ts '2019-06-12'}, 'DB', 'AM', 1337);
INSERT INTO MEDITATION (ID, DATE, LOCATION, TIME_SLOT, STUDENT_ID) VALUES (2, {ts '2019-06-13'}, 'DB', 'AM', 1337);
INSERT INTO MEDITATION (ID, DATE, LOCATION, TIME_SLOT, STUDENT_ID) VALUES (3, {ts '2019-06-13'}, 'DB', 'AM', 1338);
INSERT INTO MEDITATION (ID, DATE, LOCATION, TIME_SLOT, STUDENT_ID) VALUES (4, {ts '2019-06-15'}, 'DB', 'AM', 1337);
INSERT INTO MEDITATION (ID, DATE, LOCATION, TIME_SLOT, STUDENT_ID) VALUES (5, {ts '2019-06-15'}, 'DB', 'AM', 1338);
